Lugar;Area;Prop. Acum.
FCP;800;0.784313725
FTEJ;81;0.86372549
FKAM;41;0.903921569
FDL;37;0.940196078
FSUB;35;0.974509804
FDOG;26;1
