Lugar;Area;Preferencia
FCP;3820.97;0.705761207
FTEJ;583.00;0.813445586
FDOG;280.00;0.865163641
FDL;250.00;0.911340477
FKAM;250.00;0.957517312
FSUB;230.00;1
