Lugar;Area;Prop.
GAG;28;0.17722
GPP;27;0.17089
GP19;27;0.17089
G4S;26;0.16456
GPA;24;0.15190
GCID;13;0.08228
GCI2;13;0.08228
