Lugar;Area;Prop. Acum.
ZBIB;318;0.16799
ZPLA;314;0.33386
ZPIM;170;0.42367
ZPCU;129;0.49181
ZCAR;104;0.54675
ZPG;103;0.60116
ZT29;84;0.64554
ZJEF;83;0.68938
ZPLC;68;0.72530
ZJCO;58;0.75594
ZGYA;57;0.78605
ZSCF;52;0.81352
Z291;45;0.83730
ZEE;43;0.86001
ZC34;36;0.87903
ZCDV;35;0.89752
ZPP;35;0.91601
ZETE;33;0.93344
ZC35;32;0.95034
ZTAR;29;0.96566
ZGYM;27;0.97993
ZLEC;20;0.99049
Z292;18;1.00000
