Lugar;Area;Preferencia
ZBIB;4704;0.330035782
ZGYM;2284;0.490282747
ZPLA;1943;0.626604925
ZJCO;999;0.696695433
ZJEF;837;0.755419912
ZGYA;594;0.797095348
ZPCU;583;0.837999018
ZPIM;508;0.873640637
ZC34;457;0.905704062
ZT29;386;0.93278608
ZC35;284;0.95271171
ZPP;171;0.964709184
ZEE;134;0.974110714
ZCAR;104;0.981407423
ZPLC;68;0.986178348
ZSCF;52;0.989826703
Z291;45;0.992983933
ZETE;33;0.995299235
ZTAR;29;0.997333895
ZLEC;20;0.998737108
Z292;18;1