Lugar;Area;Preferencia
B1;2110.04;0.132297
B13;588.17;0.036877
B14;423.86;0.026575
B15;273;0.017117
B16;382.06;0.023955
B17;382.17;0.023962
B18;821.14;0.051484
B19;3603;0.225903
B23;256;0.016051
B26;256.12;0.016058
B27;1011.69;0.063432
B28;223.62;0.014021
B29;410.44;0.025734
B3;160;0.010032
B30;820.39;0.051437
B33;844.02;0.052919
B34;866.82;0.054348
B35;866.82;0.054348
B38;1371.52;0.085992
B7;278.44;0.017458
