Place;Weight
B38;0.076923077
B26;0.153846154
B19;0.230769231
B3;0.307692308
B18;0.384615385
ZBIB;0.461538462
FCP;0.538461538
B7;0.615384615
FTEJ;0.692307692
FDOG;0.769230769
FDL;0.846153846
FKAM;0.923076923
FSUB;1